{
  "capability_scores": {
    "spending_power": 0.9422387890291501,
    "manpower": 0.5002836897553705,
    "equipment": 0.2985253620375461,
    "training": 0.39808733887235226,
    "logistics": 0.6988594480217347,
    "intelligence": 0.19948863727428195,
    "cyber": 0.49232976813700824,
    "nuclear": 0.09975136319851385,
    "alliances": 0.6037025840667551,
    "economics": 0.6516616649759058
  },
  "overall_capability": 0.5327570487560263,
  "risk_assessment": {
    "low_risk": false,
    "medium_risk": true,
    "high_risk": false
  },
  "recommendations": [
    "MEDIUM THREAT LEVEL: Adversary has moderate military capability requiring monitoring",
    "Maintain current defensive posture with periodic reassessment",
    "Focus on intelligence collection and early warning systems"
  ],
  "statistics": {
    "military_spending": {
      "mean": 94.22387890291502,
      "std": 28.85498320239131,
      "min": 29.545924708783684,
      "max": 267.36145382969215
    },
    "force_strength": {
      "mean": 500283.68975537055,
      "std": 50181.22890610877,
      "min": 294704.8013875063,
      "max": 685295.1070773241
    },
    "equipment_modernization": {
      "mean": 0.2985253620375461,
      "std": 0.13667632930933202,
      "min": 0.008899813345670337,
      "max": 0.854317326871749
    },
    "training_effectiveness": {
      "mean": 0.39808733887235226,
      "std": 0.14662455529381632,
      "min": 0.026475995020634586,
      "max": 0.8970912729133091
    },
    "logistics_capability": {
      "mean": 0.6988594480217347,
      "std": 0.10027987238439336,
      "min": 0.3615554168241047,
      "max": 1.121116481058733
    },
    "intelligence_capability": {
      "mean": 0.19948863727428195,
      "std": 0.1204507365066649,
      "min": 0.0021977617309145076,
      "max": 0.7553897786581895
    },
    "cyber_capability": {
      "mean": 0.9846595362740165,
      "std": 0.9783222312771501,
      "min": 8.04907989640366e-06,
      "max": 8.422150859831136
    },
    "nuclear_capability": {
      "mean": 0.09975136319851385,
      "std": 0.09085812780045428,
      "min": 7.812320611224416e-06,
      "max": 0.6744098501579427
    },
    "alliance_support": {
      "mean": 0.6037025840667551,
      "std": 0.1510339444799185,
      "min": -0.015588282080845506,
      "max": 1.1449628799764735
    },
    "economic_stability": {
      "mean": 0.6516616649759058,
      "std": 0.11996006953315154,
      "min": 0.16429767077052115,
      "max": 1.0740082867659755
    }
  },
  "risk_metrics": {},
  "confidence_intervals": {},
  "simulation_metadata": {
    "iterations": 10000,
    "execution_time": 0.17789244651794434,
    "timestamp": "2025-08-16T23:03:04.497824"
  }
}