{
  "timestamp": "20250817_104742",
  "simulation_parameters": {
    "initial_investment": 1000000,
    "num_simulations": 10000,
    "timeframe": "1 year"
  },
  "investment_comparison": {
    "agentic_ai": {
      "name": "Agentic AI Systems",
      "mean_return": 0.26197243154724026,
      "mean_final_value": 1517395.5523057997,
      "success_probability": 0.9292,
      "high_performance_probability": 0.4875,
      "var_95": 953083.7098367222,
      "cvar_95": 838172.2815609215,
      "strategic_score": 1.2935797083406941
    },
    "conventional_ai": {
      "name": "Conventional AI/ML",
      "mean_return": 0.18879046877230285,
      "mean_final_value": 1232212.2765899324,
      "success_probability": 0.9181,
      "high_performance_probability": 0.0697,
      "var_95": 964017.2812218261,
      "cvar_95": 906993.451071471,
      "strategic_score": 0.6302765794757504
    },
    "cybersecurity": {
      "name": "Cybersecurity Systems",
      "mean_return": 0.20808158664277515,
      "mean_final_value": 1318364.827563446,
      "success_probability": 0.9683,
      "high_performance_probability": 0.1617,
      "var_95": 1030785.2086365246,
      "cvar_95": 968098.8504882016,
      "strategic_score": 0.6743436092987027
    },
    "quantum_computing": {
      "name": "Quantum Computing",
      "mean_return": 0.18687779470506408,
      "mean_final_value": 1284054.247951697,
      "success_probability": 0.7079,
      "high_performance_probability": 0.2856,
      "var_95": 633549.6016296989,
      "cvar_95": 525659.1783396808,
      "strategic_score": 0.6567937478272932
    },
    "space_technology": {
      "name": "Space Technology",
      "mean_return": 0.24020444721545997,
      "mean_final_value": 1417475.3292604694,
      "success_probability": 0.8687,
      "high_performance_probability": 0.3797,
      "var_95": 849640.1121578611,
      "cvar_95": 733181.6795702641,
      "strategic_score": 0.7250386309167302
    },
    "biotechnology": {
      "name": "Biotechnology",
      "mean_return": 0.180695529826279,
      "mean_final_value": 1228399.1497004165,
      "success_probability": 0.7718,
      "high_performance_probability": 0.1716,
      "var_95": 791934.2143353837,
      "cvar_95": 711407.712367799,
      "strategic_score": 0.6283261650717631
    }
  },
  "strategic_analysis": {
    "agentic_ai_advantages": {
      "intelligence_advantage": "Superior intelligence collection and analysis",
      "operational_efficiency": "Enhanced operational planning and execution",
      "threat_detection": "Advanced threat detection capabilities",
      "decision_support": "Automated decision-making support",
      "cost_savings": "Significant operational cost reduction",
      "competitive_advantage": "Maintains technological superiority"
    },
    "strategic_scores": {
      "agentic_ai": 1.2935797083406941,
      "conventional_ai": 0.6302765794757504,
      "cybersecurity": 0.6743436092987027,
      "quantum_computing": 0.6567937478272932,
      "space_technology": 0.7250386309167302,
      "biotechnology": 0.6283261650717631
    },
    "recommended_allocation": {
      "agentic_ai": 0.2807029281514348,
      "conventional_ai": 0.13676813285132144,
      "cybersecurity": 0.1463305465367574,
      "quantum_computing": 0.1425222790817926,
      "space_technology": 0.1573312146201599,
      "biotechnology": 0.13634489875853387
    }
  },
  "dod_ic_benefits": {
    "dod_benefits": {
      "operational_superiority": "Enhanced battlefield awareness and decision-making",
      "force_multiplier": "Increased effectiveness of existing forces",
      "cost_efficiency": "Reduced operational costs through automation",
      "strategic_advantage": "Maintains technological edge over adversaries",
      "risk_reduction": "Improved threat assessment and mitigation"
    },
    "ic_benefits": {
      "intelligence_fusion": "Enhanced multi-source intelligence integration",
      "predictive_analysis": "Advanced predictive intelligence capabilities",
      "threat_anticipation": "Proactive threat detection and analysis",
      "resource_optimization": "Optimized intelligence collection and analysis",
      "strategic_insight": "Deeper understanding of adversary intentions"
    },
    "comparative_analysis": {
      "dod_value_metrics": {
        "mean_value": 1213916.4418446396,
        "value_ratio": 1.2139164418446395,
        "success_probability": 0.9292
      },
      "ic_value_metrics": {
        "mean_value": 1365655.9970752196,
        "value_ratio": 1.3656559970752196,
        "success_probability": 0.9292
      },
      "comparative_advantage": {
        "dod_advantage": "Operational superiority and force multiplication",
        "ic_advantage": "Intelligence fusion and predictive analysis",
        "synergistic_benefits": "Enhanced joint operations and intelligence sharing"
      }
    }
  },
  "risk_assessment": {
    "agentic_ai_risks": {
      "technical_risk": "Advanced technology development challenges",
      "integration_risk": "Complex system integration requirements",
      "adversarial_risk": "Potential for adversarial AI attacks",
      "ethical_risk": "Autonomous decision-making concerns",
      "dependency_risk": "Over-reliance on AI systems"
    },
    "mitigation_strategies": {
      "technical_mitigation": "Phased development and testing approach",
      "integration_mitigation": "Modular architecture and interoperability standards",
      "adversarial_mitigation": "Robust security and adversarial training",
      "ethical_mitigation": "Human oversight and ethical AI frameworks",
      "dependency_mitigation": "Redundant systems and human backup"
    },
    "risk_comparison": {
      "agentic_ai": {
        "volatility": 0.18961605480595678,
        "var_95": 953083.7098367222,
        "cvar_95": 838172.2815609215,
        "risk_adjusted_return": 1.3815941472642137
      },
      "conventional_ai": {
        "volatility": 0.1421833255619,
        "var_95": 964017.2812218261,
        "cvar_95": 906993.451071471,
        "risk_adjusted_return": 1.3277961253629018
      },
      "cybersecurity": {
        "volatility": 0.12108230396799005,
        "var_95": 1030785.2086365246,
        "cvar_95": 968098.8504882016,
        "risk_adjusted_return": 1.718513604579119
      },
      "quantum_computing": {
        "volatility": 0.30493748069834414,
        "var_95": 633549.6016296989,
        "cvar_95": 525659.1783396808,
        "risk_adjusted_return": 0.6128397016893137
      },
      "space_technology": {
        "volatility": 0.22412520060616378,
        "var_95": 849640.1121578611,
        "cvar_95": 733181.6795702641,
        "risk_adjusted_return": 1.071742251945826
      },
      "biotechnology": {
        "volatility": 0.237388343736377,
        "var_95": 791934.2143353837,
        "cvar_95": 711407.712367799,
        "risk_adjusted_return": 0.7611811388133862
      }
    }
  },
  "recommendations": {
    "investment_strategy": {
      "primary_focus": "Agentic AI systems development and deployment",
      "secondary_focus": "Cybersecurity and space technology",
      "allocation_recommendation": "60% Agentic AI, 25% Cybersecurity, 15% Space Technology",
      "timeline": "Immediate investment in Agentic AI with phased deployment"
    },
    "implementation_plan": {
      "phase_1": "Pilot Agentic AI systems in intelligence analysis",
      "phase_2": "Expand to operational planning and decision support",
      "phase_3": "Full integration across DoD and IC operations",
      "success_metrics": "Intelligence accuracy, operational efficiency, cost savings"
    },
    "strategic_priorities": [
      "Develop Agentic AI capabilities for intelligence fusion",
      "Implement automated threat detection and analysis",
      "Enhance decision support systems with AI",
      "Establish robust security and ethical frameworks",
      "Create training programs for AI-human collaboration"
    ]
  }
}